IdNational,DoID,Nom,Ville,Telephone,Email,Type
183038247149560,null,Figueroa,Issy-les-Moulineaux,0624733431,figueroa1317@hotmail.net,particulier
152546131657476,null,Hill,Troyes,0605993585,hill@hotmail.org,particulier
154822372885403,null,Greene,Saint-Dizier,0649453798,greene6074@outlook.edu,particulier
183407451418312,null,Bell,Forbach,0605019574,bell@outlook.edu,particulier
166570479572636,null,Peck,Reims,0684437541,peck8764@yahoo.com,particulier
177871202685133,null,Hopkins,Belfort,0613107465,hopkins@yahoo.org,particulier
182187823276732,null,Bennett,Montluçon,0627926064,bennett@protonmail.net,particulier
137164518770358,null,Thompson,Brive-la-Gaillarde,0683633972,thompson@icloud.net,particulier
181335675463224,null,Alston,Béthune,0688162041,alston@google.org,particulier
174377315371362,null,Skinner,Cannes,0686769121,skinner5562@icloud.fr,particulier
147312489282576,null,Case,Bastia,0644225942,case@hotmail.org,particulier
106628551378484,null,Galloway,Sotteville-lès-Rouen,0656553677,galloway@icloud.com,particulier
186334952103337,null,Russell,Strasbourg,0668641164,russell2970@yahoo.fr,particulier
171332932772140,null,Middleton,Charleville-Mézières,0649518273,middleton@outlook.fr,particulier
184263623922676,null,Williamson,Brive-la-Gaillarde,0646281617,williamson4005@hotmail.edu,particulier
422167244516351,null,Nunc Ac Foundation,Saint-Lô,0682571576,nuncacfoundation@outlook.edu,entreprise
767433768366431,null,Tincidunt Inc.,Aulnay-sous-Bois,0616345675,tinciduntinc5266@icloud.edu,entreprise
157683547120454,null,Libero Nec Institute,Le Grand-Quevilly,0637211032,liberonecinstitute@aol.fr,entreprise
480330977557281,null,Tellus Phasellus LLC,Narbonne,0634518257,tellusphasellusllc@hotmail.edu,entreprise
229362842725778,null,Maecenas Institute,Saint-Nazaire,0654745431,maecenasinstitute@outlook.com,entreprise
533224516118410,null,Ipsum Inc.,Amiens,0661924498,ipsuminc@outlook.com,entreprise
511336313608844,null,Magna Malesuada Inc.,Dole,0602892837,magnamalesuadainc1390@outlook.org,entreprise
521666135302218,null,Eu Corporation,Mont-de-Marsan,0642716890,eucorporation9749@google.fr,entreprise
974536115961954,null,Risus Limited,Ajaccio,0628347286,risuslimited@icloud.com,entreprise
858116264781637,null,Porttitor Eros Nec LLP,Colomiers,0652435985,porttitorerosnecllp829@aol.org,entreprise
347358427267512,null,Neque Venenatis Lacus Associates,Saint-Quentin,0685867725,nequevenenatislacusassociates9067@yahoo.edu,entreprise
941585426277364,null,Mauris Aliquam Eu Incorporated,Noisy-le-Grand,0670576925,maurisaliquameuincorporated4829@aol.com,entreprise
147255553948268,null,Rhoncus Id PC,Toulon,0687548863,rhoncusidpc@google.edu,entreprise
952644517721232,null,Quam Quis Diam Corporation,Montbéliard,0646878617,quamquisdiamcorporation9138@hotmail.fr,entreprise
944171581157715,null,Et Tristique Pellentesque Incorporated,Lanester,0678505244,ettristiquepellentesqueincorporated@hotmail.net,entreprise
